https://autovit.ro/adminpanel/salesforce/3491808/7050368311,49
https://autovit.ro/adminpanel/salesforce/3491808/7051720238,49
https://autovit.ro/adminpanel/salesforce/3491808/7051211192,49
https://autovit.ro/adminpanel/salesforce/3491808/7051836008,49
https://autovit.ro/adminpanel/salesforce/3491808/7051823330,49
https://autovit.ro/adminpanel/salesforce/3491808/7051304329,49
https://autovit.ro/adminpanel/salesforce/3491808/7050564665,49
https://autovit.ro/adminpanel/salesforce/3491808/7050513312,49
https://autovit.ro/adminpanel/salesforce/3491808/7051056623,49
https://autovit.ro/adminpanel/salesforce/3491808/7051056451,49
https://autovit.ro/adminpanel/salesforce/3491808/7051798807,49
https://autovit.ro/adminpanel/salesforce/3491808/7051048080,49
https://autovit.ro/adminpanel/salesforce/3491808/7051756321,49
https://autovit.ro/adminpanel/salesforce/3491808/7050704833,49
https://autovit.ro/adminpanel/salesforce/2812351/7043741372,49